BA.1,Omicron
BA.1.1,Omicron
BA.1.1.1,Omicron
BA.1.1.2,Omicron
BA.1.1.3,Omicron
BA.1.1.4,Omicron
BA.1.1.5,Omicron
BA.1.1.6,Omicron
BA.1.1.7,Omicron
BA.1.1.8,Omicron
BA.1.1.9,Omicron
BA.1.1.10,Omicron
BA.1.1.11,Omicron
BA.1.1.12,Omicron
BA.1.1.13,Omicron
BA.1.1.14,Omicron
BA.1.1.15,Omicron
BA.1.1.16,Omicron
BA.1.1.17,Omicron
BA.1.1.18,Omicron
BA.1.2,Omicron
BA.1.3,Omicron
BA.1.4,Omicron
BA.1.5,Omicron
BA.1.6,Omicron
BA.1.7,Omicron
BA.1.8,Omicron
BA.1.9,Omicron
BA.1.10,Omicron
BA.1.12,Omicron
BA.1.13,Omicron
BA.1.13.1,Omicron
BA.1.14,Omicron
BA.1.14.1,Omicron
BA.1.14.2,Omicron
BA.1.15,Omicron
BA.1.15.1,Omicron
BA.1.15.2,Omicron
BA.1.15.3,Omicron
BA.1.16,Omicron
BA.1.16.1,Omicron
BA.1.16.2,Omicron
BA.1.17,Omicron
BA.1.17.1,Omicron
BA.1.17.2,Omicron
BA.1.18,Omicron
BA.1.19,Omicron
BA.1.20,Omicron
BA.1.21,Omicron
BA.1.21.1,Omicron
BA.1.22,Omicron
BA.1.23,Omicron
BA.1.24,Omicron
BA.2,Omicron
BA.2.1,Omicron
BA.2.2,Omicron
BA.2.2.1,Omicron
BA.2.3,Omicron
BA.2.3.1,Omicron
BA.2.3.2,Omicron
BA.2.3.3,Omicron
BA.2.3.4,Omicron
BA.2.3.5,Omicron
BA.2.3.6,Omicron
BA.2.3.7,Omicron
BA.2.3.8,Omicron
BA.2.3.9,Omicron
BA.2.3.10,Omicron
BA.2.3.11,Omicron
BA.2.3.12,Omicron
BA.2.3.13,Omicron
BA.2.3.14,Omicron
BA.2.3.15,Omicron
BA.2.3.16,Omicron
BA.2.3.17,Omicron
BA.2.3.18,Omicron
BA.2.3.19,Omicron
BA.2.3.20,Omicron
BA.2.3.21,Omicron
BA.2.4,Omicron
BA.2.5,Omicron
BA.2.6,Omicron
BA.2.7,Omicron
BA.2.8,Omicron
BA.2.9,Omicron
BA.2.9.1,Omicron
BA.2.9.2,Omicron
BA.2.9.3,Omicron
BA.2.9.4,Omicron
BA.2.9.5,Omicron
BA.2.9.6,Omicron
BA.2.9.7,Omicron
BA.2.10,Omicron
BA.2.10.1,Omicron
BA.2.10.2,Omicron
BA.2.10.3,Omicron
BA.2.10.4,Omicron
BA.2.11,Omicron
BA.2.12,Omicron
BA.2.12.1,Omicron
BA.2.12.2,Omicron
BA.2.13,Omicron
BA.2.13.1,Omicron
BA.2.14,Omicron
BA.2.15,Omicron
BA.2.16,Omicron
BA.2.17,Omicron
BA.2.18,Omicron
BA.2.19,Omicron
BA.2.20,Omicron
BA.2.21,Omicron
BA.2.22,Omicron
BA.2.23,Omicron
BA.2.23.1,Omicron
BA.2.24,Omicron
BA.2.25,Omicron
BA.2.25.1,Omicron
BA.2.26,Omicron
BA.2.27,Omicron
BA.2.28,Omicron
BA.2.29,Omicron
BA.2.30,Omicron
BA.2.31,Omicron
BA.2.31.1,Omicron
BA.2.32,Omicron
BA.2.33,Omicron
BA.2.34,Omicron
BA.2.35,Omicron
BA.2.36,Omicron
BA.2.37,Omicron
BA.2.38,Omicron
BA.2.38.1,Omicron
BA.2.38.2,Omicron
BA.2.38.3,Omicron
BA.2.38.4,Omicron
BA.2.39,Omicron
BA.2.40,Omicron
BA.2.40.1,Omicron
BA.2.41,Omicron
BA.2.42,Omicron
BA.2.43,Omicron
BA.2.44,Omicron
BA.2.45,Omicron
BA.2.46,Omicron
BA.2.47,Omicron
BA.2.48,Omicron
BA.2.49,Omicron
BA.2.50,Omicron
BA.2.51,Omicron
BA.2.52,Omicron
BA.2.53,Omicron
BA.2.54,Omicron
BA.2.55,Omicron
BA.2.56,Omicron
BA.2.56.1,Omicron
BA.2.57,Omicron
BA.2.58,Omicron
BA.2.59,Omicron
BA.2.60,Omicron
BA.2.61,Omicron
BA.2.62,Omicron
BA.2.63,Omicron
BA.2.64,Omicron
BA.2.65,Omicron
BA.2.66,Omicron
BA.2.67,Omicron
BA.2.68,Omicron
BA.2.69,Omicron
BA.2.70,Omicron
BA.2.71,Omicron
BA.2.72,Omicron
BA.2.73,Omicron
BA.2.74,Omicron
BA.2.75,Omicron
BA.2.75.1,Omicron
BA.2.75.2,Omicron
BA.2.75.3,Omicron
BA.2.75.4,Omicron
BA.2.75.5,Omicron
BA.2.75.6,Omicron
BA.2.75.7,Omicron
BA.2.75.8,Omicron
BA.2.75.9,Omicron
BA.2.75.10,Omicron
BA.2.76,Omicron
BA.2.76.1,Omicron
BA.2.76.2,Omicron
BA.2.77,Omicron
BA.2.78,Omicron
BA.2.79,Omicron
BA.2.79.1,Omicron
BA.2.80,Omicron
BA.2.81,Omicron
BA.2.82,Omicron
BA.2.83,Omicron
BA.2.85,Omicron
BA.3,Omicron
BA.3.1,Omicron
BA.4,Omicron
BA.4.1,Omicron
BA.4.1.1,Omicron
BA.4.1.2,Omicron
BA.4.1.3,Omicron
BA.4.1.4,Omicron
BA.4.1.5,Omicron
BA.4.1.6,Omicron
BA.4.1.7,Omicron
BA.4.1.8,Omicron
BA.4.1.9,Omicron
BA.4.1.10,Omicron
BA.4.2,Omicron
BA.4.3,Omicron
BA.4.4,Omicron
BA.4.5,Omicron
BA.4.6,Omicron
BA.4.6.1,Omicron
BA.4.6.2,Omicron
BA.4.6.3,Omicron
BA.4.6.4,Omicron
BA.4.6.5,Omicron
BA.4.7,Omicron
BA.4.8,Omicron
BA.5,Omicron
BA.5.1,Omicron
BA.5.1.1,Omicron
BA.5.1.2,Omicron
BA.5.1.3,Omicron
BA.5.1.4,Omicron
BA.5.1.5,Omicron
BA.5.1.6,Omicron
BA.5.1.7,Omicron
BA.5.1.8,Omicron
BA.5.1.9,Omicron
BA.5.1.10,Omicron
BA.5.1.11,Omicron
BA.5.1.12,Omicron
BA.5.1.13,Omicron
BA.5.1.14,Omicron
BA.5.1.15,Omicron
BA.5.1.16,Omicron
BA.5.1.17,Omicron
BA.5.1.18,Omicron
BA.5.1.19,Omicron
BA.5.1.20,Omicron
BA.5.1.21,Omicron
BA.5.1.22,Omicron
BA.5.1.23,Omicron
BA.5.1.24,Omicron
BA.5.1.25,Omicron
BA.5.1.26,Omicron
BA.5.1.27,Omicron
BA.5.1.28,Omicron
BA.5.1.29,Omicron
BA.5.1.30,Omicron
BA.5.1.31,Omicron
BA.5.2,Omicron
BA.5.2.1,Omicron
BA.5.2.2,Omicron
BA.5.2.3,Omicron
BA.5.2.4,Omicron
BA.5.2.5,Omicron
BA.5.2.6,Omicron
BA.5.2.7,Omicron
BA.5.2.8,Omicron
BA.5.2.9,Omicron
BA.5.2.10,Omicron
BA.5.2.11,Omicron
BA.5.2.12,Omicron
BA.5.2.13,Omicron
BA.5.2.14,Omicron
BA.5.2.16,Omicron
BA.5.2.18,Omicron
BA.5.2.19,Omicron
BA.5.2.20,Omicron
BA.5.2.21,Omicron
BA.5.2.22,Omicron
BA.5.2.23,Omicron
BA.5.2.24,Omicron
BA.5.2.25,Omicron
BA.5.2.26,Omicron
BA.5.2.27,Omicron
BA.5.2.28,Omicron
BA.5.2.29,Omicron
BA.5.2.30,Omicron
BA.5.2.31,Omicron
BA.5.2.32,Omicron
BA.5.2.33,Omicron
BA.5.2.34,Omicron
BA.5.2.35,Omicron
BA.5.2.36,Omicron
BA.5.2.37,Omicron
BA.5.2.38,Omicron
BA.5.2.39,Omicron
BA.5.2.40,Omicron
BA.5.2.41,Omicron
BA.5.3,Omicron
BA.5.3.1,Omicron
BA.5.3.2,Omicron
BA.5.3.3,Omicron
BA.5.3.4,Omicron
BA.5.3.5,Omicron
BA.5.5,Omicron
BA.5.5.1,Omicron
BA.5.5.2,Omicron
BA.5.5.3,Omicron
BA.5.6,Omicron
BA.5.6.1,Omicron
BA.5.6.2,Omicron
BA.5.6.3,Omicron
BA.5.6.4,Omicron
BA.5.7,Omicron
BA.5.8,Omicron
BA.5.9,Omicron
BA.5.10,Omicron
BA.5.10.1,Omicron
BA.5.11,Omicron
BC.1,Omicron
BC.2,Omicron
BD.1,Omicron
BE.1,Omicron
BE.1.1,Omicron
BE.1.1.1,Omicron
BE.1.1.2,Omicron
BE.1.2,Omicron
BE.1.2.1,Omicron
BE.1.3,Omicron
BE.1.4,Omicron
BE.1.4.1,Omicron
BE.1.4.2,Omicron
BE.1.4.3,Omicron
BE.1.4.4,Omicron
BE.2,Omicron
BE.3,Omicron
BE.4,Omicron
BE.4.1,Omicron
BE.4.1.1,Omicron
BE.4.2,Omicron
BE.5,Omicron
BE.6,Omicron
BE.7,Omicron
BE.8,Omicron
BE.9,Omicron
BF.1,Omicron
BF.1.1,Omicron
BF.2,Omicron
BF.3,Omicron
BF.3.1,Omicron
BF.4,Omicron
BF.5,Omicron
BF.6,Omicron
BF.7,Omicron
BF.7.1,Omicron
BF.7.2,Omicron
BF.7.3,Omicron
BF.7.4,Omicron
BF.7.4.1,Omicron
BF.7.4.2,Omicron
BF.7.5,Omicron
BF.7.5.1,Omicron
BF.7.6,Omicron
BF.7.7,Omicron
BF.7.8,Omicron
BF.7.9,Omicron
BF.7.10,Omicron
BF.7.11,Omicron
BF.7.12,Omicron
BF.7.13,Omicron
BF.7.13.1,Omicron
BF.7.13.2,Omicron
BF.8,Omicron
BF.9,Omicron
BF.10,Omicron
BF.11,Omicron
BF.11.1,Omicron
BF.11.2,Omicron
BF.11.3,Omicron
BF.11.4,Omicron
BF.11.5,Omicron
BF.12,Omicron
BF.13,Omicron
BF.14,Omicron
BF.15,Omicron
BF.16,Omicron
BF.17,Omicron
BF.18,Omicron
BF.19,Omicron
BF.20,Omicron
BF.21,Omicron
BF.22,Omicron
BF.23,Omicron
BF.24,Omicron
BF.25,Omicron
BF.26,Omicron
BF.27,Omicron
BF.28,Omicron
BF.29,Omicron
BF.30,Omicron
BF.31,Omicron
BF.31.1,Omicron
BF.32,Omicron
BF.33,Omicron
BF.34,Omicron
BG.1,Omicron
BG.2,Omicron
BG.3,Omicron
BG.4,Omicron
BG.5,Omicron
BG.6,Omicron
BG.7,Omicron
BH.1,Omicron
BJ.1,Omicron
BK.1,Omicron
BL.1,Omicron
BL.1.1,Omicron
BL.1.2,Omicron
BL.1.3,Omicron
BL.1.4,Omicron
BL.2,Omicron
BL.2.1,Omicron
BL.3,Omicron
BL.4,Omicron
BL.5,Omicron
BM.1,Omicron
BM.1.1,Omicron
BM.1.1.1,Omicron
BM.1.1.2,Omicron
BM.1.1.3,Omicron
BM.2,Omicron
BM.2.1,Omicron
BM.2.2,Omicron
BM.2.3,Omicron
BM.3,Omicron
BM.4,Omicron
BM.4.1,Omicron
BM.4.1.1,Omicron
BM.5,Omicron
BM.6,Omicron
BN.1,Omicron
BN.1.1,Omicron
BN.1.1.1,Omicron
BN.1.2,Omicron
BN.1.2.1,Omicron
BN.1.3,Omicron
BN.1.3.1,Omicron
BN.1.4,Omicron
BN.1.5,Omicron
BN.1.6,Omicron
BN.1.7,Omicron
BN.1.8,Omicron
BN.2,Omicron
BN.2.1,Omicron
BN.3,Omicron
BN.3.1,Omicron
BN.4,Omicron
BN.5,Omicron
BN.6,Omicron
BP.1,Omicron
BQ.1,Omicron
BQ.1.1,Omicron
BQ.1.1.1,Omicron
BQ.1.1.2,Omicron
BQ.1.1.3,Omicron
BQ.1.1.4,Omicron
BQ.1.1.5,Omicron
BQ.1.1.6,Omicron
BQ.1.1.7,Omicron
BQ.1.1.8,Omicron
BQ.1.1.9,Omicron
BQ.1.1.10,Omicron
BQ.1.1.11,Omicron
BQ.1.1.12,Omicron
BQ.1.1.13,Omicron
BQ.1.1.14,Omicron
BQ.1.1.15,Omicron
BQ.1.1.16,Omicron
BQ.1.1.17,Omicron
BQ.1.1.18,Omicron
BQ.1.1.19,Omicron
BQ.1.1.20,Omicron
BQ.1.1.21,Omicron
BQ.1.1.22,Omicron
BQ.1.1.23,Omicron
BQ.1.1.24,Omicron
BQ.1.1.25,Omicron
BQ.1.2,Omicron
BQ.1.3,Omicron
BQ.1.4,Omicron
BQ.1.5,Omicron
BQ.1.6,Omicron
BQ.1.7,Omicron
BQ.1.8,Omicron
BQ.1.8.1,Omicron
BQ.1.8.2,Omicron
BQ.1.9,Omicron
BQ.1.10,Omicron
BQ.1.10.1,Omicron
BQ.1.11,Omicron
BQ.1.12,Omicron
BQ.1.13,Omicron
BQ.1.14,Omicron
BQ.1.15,Omicron
BQ.1.16,Omicron
BQ.1.17,Omicron
BQ.1.18,Omicron
BQ.1.19,Omicron
BQ.1.20,Omicron
BQ.1.21,Omicron
BQ.1.22,Omicron
BQ.1.23,Omicron
BQ.1.24,Omicron
BQ.1.25,Omicron
BQ.1.26,Omicron
BQ.2,Omicron
BR.1,Omicron
BR.1.1,Omicron
BR.1.2,Omicron
BR.2,Omicron
BR.2.1,Omicron
BR.3,Omicron
BR.4,Omicron
BS.1,Omicron
BS.1.1,Omicron
BS.1.2,Omicron
BT.1,Omicron
BT.2,Omicron
BU.1,Omicron
BU.2,Omicron
BU.3,Omicron
BV.1,Omicron
BV.2,Omicron
BW.1,Omicron
BW.1.1,Omicron
BY.1,Omicron
BY.1.1,Omicron
BY.1.1.1,Omicron
BY.1.2,Omicron
BY.1.2.1,Omicron
BZ.1,Omicron
CA.1,Omicron
CA.2,Omicron
CA.3,Omicron
CA.3.1,Omicron
CA.4,Omicron
CA.5,Omicron
CA.6,Omicron
CA.7,Omicron
CB.1,Omicron
CC.1,Omicron
CD.1,Omicron
CD.2,Omicron
CE.1,Omicron
CF.1,Omicron
CG.1,Omicron
CH.1,Omicron
CH.1.1,Omicron
CH.2,Omicron
CJ.1,Omicron
CK.1,Omicron
CK.2,Omicron
CK.2.1,Omicron
CK.2.1.1,Omicron
CK.3,Omicron
CL.1,Omicron
CM.1,Omicron
CM.2,Omicron
CM.2.1,Omicron
CM.3,Omicron
CM.4,Omicron
CM.5,Omicron
CM.5.1,Omicron
CM.6,Omicron
CM.6.1,Omicron
CM.7,Omicron
CM.8,Omicron
CM.8.1,Omicron
CM.9,Omicron
CN.1,Omicron
CP.1,Omicron
CP.1.1,Omicron
CP.1.2,Omicron
CP.1.3,Omicron
CP.2,Omicron
CP.3,Omicron
CP.4,Omicron
CP.5,Omicron
CP.6,Omicron
CQ.1,Omicron
CQ.1.1,Omicron
CQ.2,Omicron
CR.1,Omicron
CR.1.1,Omicron
CR.1.2,Omicron
CR.2,Omicron
CS.1,Omicron
CT.1,Omicron
CU.1,Omicron
CV.1,Omicron
CW.1,Omicron
CY.1,Omicron
CZ.1,Omicron
DA.1,Omicron
DB.1,Omicron
DB.2,Omicron
DC.1,Omicron
DD.1,Omicron
DE.1,Omicron
DE.2,Omicron
DF.1,Omicron
DG.1,Omicron
DH.1,Omicron
XE,Omicron
XG,Omicron
XH,Omicron
XJ,Omicron
XK,Omicron
XL,Omicron
XM,Omicron
XN,Omicron
XP,Omicron
XQ,Omicron
XR,Omicron
XT,Omicron
XU,Omicron
XV,Omicron
XW,Omicron
XY,Omicron
XZ,Omicron
XAA,Omicron
XAB,Omicron
XAC,Omicron
XAD,Omicron
XAE,Omicron
XAF,Omicron
XAG,Omicron
XAH,Omicron
XAJ,Omicron
XAK,Omicron
XAL,Omicron
XAM,Omicron
XAN,Omicron
XAP,Omicron
XAQ,Omicron
XAR,Omicron
XAS,Omicron
XAT,Omicron
XAU,Omicron
XAV,Omicron
XAZ,Omicron
XBB,Omicron
XBD,Omicron
XBE,Omicron
XBF,Omicron
XBG,Omicron
XBH,Omicron
BA.5.1,Omicron (BA.5.X)
BA.5.1.1,Omicron (BA.5.X)
BA.5.1.2,Omicron (BA.5.X)
BA.5.1.3,Omicron (BA.5.X)
BA.5.1.4,Omicron (BA.5.X)
BA.5.1.5,Omicron (BA.5.X)
BA.5.1.6,Omicron (BA.5.X)
BA.5.1.7,Omicron (BA.5.X)
BA.5.1.8,Omicron (BA.5.X)
BA.5.1.9,Omicron (BA.5.X)
BA.5.1.10,Omicron (BA.5.X)
BA.5.1.11,Omicron (BA.5.X)
BA.5.1.12,Omicron (BA.5.X)
BA.5.1.13,Omicron (BA.5.X)
BA.5.1.14,Omicron (BA.5.X)
BA.5.1.15,Omicron (BA.5.X)
BA.5.1.16,Omicron (BA.5.X)
BA.5.1.17,Omicron (BA.5.X)
BA.5.1.18,Omicron (BA.5.X)
BA.5.1.19,Omicron (BA.5.X)
BA.5.1.20,Omicron (BA.5.X)
BA.5.1.21,Omicron (BA.5.X)
BA.5.1.22,Omicron (BA.5.X)
BA.5.1.23,Omicron (BA.5.X)
BA.5.1.24,Omicron (BA.5.X)
BA.5.1.25,Omicron (BA.5.X)
BA.5.1.26,Omicron (BA.5.X)
BA.5.1.27,Omicron (BA.5.X)
BA.5.1.28,Omicron (BA.5.X)
BA.5.1.29,Omicron (BA.5.X)
BA.5.1.30,Omicron (BA.5.X)
BA.5.1.31,Omicron (BA.5.X)
BA.5.2,Omicron (BA.5.X)
BA.5.2.1,Omicron (BA.5.X)
BA.5.2.2,Omicron (BA.5.X)
BA.5.2.3,Omicron (BA.5.X)
BA.5.2.4,Omicron (BA.5.X)
BA.5.2.5,Omicron (BA.5.X)
BA.5.2.6,Omicron (BA.5.X)
BA.5.2.7,Omicron (BA.5.X)
BA.5.2.8,Omicron (BA.5.X)
BA.5.2.9,Omicron (BA.5.X)
BA.5.2.10,Omicron (BA.5.X)
BA.5.2.11,Omicron (BA.5.X)
BA.5.2.12,Omicron (BA.5.X)
BA.5.2.13,Omicron (BA.5.X)
BA.5.2.14,Omicron (BA.5.X)
BA.5.2.16,Omicron (BA.5.X)
BA.5.2.18,Omicron (BA.5.X)
BA.5.2.19,Omicron (BA.5.X)
BA.5.2.20,Omicron (BA.5.X)
BA.5.2.21,Omicron (BA.5.X)
BA.5.2.22,Omicron (BA.5.X)
BA.5.2.23,Omicron (BA.5.X)
BA.5.2.24,Omicron (BA.5.X)
BA.5.2.25,Omicron (BA.5.X)
BA.5.2.26,Omicron (BA.5.X)
BA.5.2.27,Omicron (BA.5.X)
BA.5.2.28,Omicron (BA.5.X)
BA.5.2.29,Omicron (BA.5.X)
BA.5.2.30,Omicron (BA.5.X)
BA.5.2.31,Omicron (BA.5.X)
BA.5.2.32,Omicron (BA.5.X)
BA.5.2.33,Omicron (BA.5.X)
BA.5.2.34,Omicron (BA.5.X)
BA.5.2.35,Omicron (BA.5.X)
BA.5.2.36,Omicron (BA.5.X)
BA.5.2.37,Omicron (BA.5.X)
BA.5.2.38,Omicron (BA.5.X)
BA.5.2.39,Omicron (BA.5.X)
BA.5.2.40,Omicron (BA.5.X)
BA.5.2.41,Omicron (BA.5.X)
BA.5.3,Omicron (BA.5.X)
BA.5.3.1,Omicron (BA.5.X)
BA.5.3.2,Omicron (BA.5.X)
BA.5.3.3,Omicron (BA.5.X)
BA.5.3.4,Omicron (BA.5.X)
BA.5.3.5,Omicron (BA.5.X)
BA.5.5,Omicron (BA.5.X)
BA.5.5.1,Omicron (BA.5.X)
BA.5.5.2,Omicron (BA.5.X)
BA.5.5.3,Omicron (BA.5.X)
BA.5.6,Omicron (BA.5.X)
BA.5.6.1,Omicron (BA.5.X)
BA.5.6.2,Omicron (BA.5.X)
BA.5.6.3,Omicron (BA.5.X)
BA.5.6.4,Omicron (BA.5.X)
BA.5.7,Omicron (BA.5.X)
BA.5.8,Omicron (BA.5.X)
BA.5.9,Omicron (BA.5.X)
BA.5.10,Omicron (BA.5.X)
BA.5.10.1,Omicron (BA.5.X)
BA.5.11,Omicron (BA.5.X)
BE.1,Omicron (BA.5.X)
BE.1.1,Omicron (BA.5.X)
BE.1.1.1,Omicron (BA.5.X)
BE.1.1.2,Omicron (BA.5.X)
BE.1.2,Omicron (BA.5.X)
BE.1.2.1,Omicron (BA.5.X)
BE.1.3,Omicron (BA.5.X)
BE.1.4,Omicron (BA.5.X)
BE.1.4.1,Omicron (BA.5.X)
BE.1.4.2,Omicron (BA.5.X)
BE.1.4.3,Omicron (BA.5.X)
BE.1.4.4,Omicron (BA.5.X)
BE.2,Omicron (BA.5.X)
BE.3,Omicron (BA.5.X)
BE.4,Omicron (BA.5.X)
BE.4.1,Omicron (BA.5.X)
BE.4.1.1,Omicron (BA.5.X)
BE.4.2,Omicron (BA.5.X)
BE.5,Omicron (BA.5.X)
BE.6,Omicron (BA.5.X)
BE.7,Omicron (BA.5.X)
BE.8,Omicron (BA.5.X)
BE.9,Omicron (BA.5.X)
BF.1,Omicron (BA.5.X)
BF.1.1,Omicron (BA.5.X)
BF.2,Omicron (BA.5.X)
BF.3,Omicron (BA.5.X)
BF.3.1,Omicron (BA.5.X)
BF.4,Omicron (BA.5.X)
BF.5,Omicron (BA.5.X)
BF.6,Omicron (BA.5.X)
BF.7,Omicron (BA.5.X)
BF.7.1,Omicron (BA.5.X)
BF.7.2,Omicron (BA.5.X)
BF.7.3,Omicron (BA.5.X)
BF.7.4,Omicron (BA.5.X)
BF.7.4.1,Omicron (BA.5.X)
BF.7.4.2,Omicron (BA.5.X)
BF.7.5,Omicron (BA.5.X)
BF.7.5.1,Omicron (BA.5.X)
BF.7.6,Omicron (BA.5.X)
BF.7.7,Omicron (BA.5.X)
BF.7.8,Omicron (BA.5.X)
BF.7.9,Omicron (BA.5.X)
BF.7.10,Omicron (BA.5.X)
BF.7.11,Omicron (BA.5.X)
BF.7.12,Omicron (BA.5.X)
BF.7.13,Omicron (BA.5.X)
BF.7.13.1,Omicron (BA.5.X)
BF.7.13.2,Omicron (BA.5.X)
BF.8,Omicron (BA.5.X)
BF.9,Omicron (BA.5.X)
BF.10,Omicron (BA.5.X)
BF.11,Omicron (BA.5.X)
BF.11.1,Omicron (BA.5.X)
BF.11.2,Omicron (BA.5.X)
BF.11.3,Omicron (BA.5.X)
BF.11.4,Omicron (BA.5.X)
BF.11.5,Omicron (BA.5.X)
BF.12,Omicron (BA.5.X)
BF.13,Omicron (BA.5.X)
BF.14,Omicron (BA.5.X)
BF.15,Omicron (BA.5.X)
BF.16,Omicron (BA.5.X)
BF.17,Omicron (BA.5.X)
BF.18,Omicron (BA.5.X)
BF.19,Omicron (BA.5.X)
BF.20,Omicron (BA.5.X)
BF.21,Omicron (BA.5.X)
BF.22,Omicron (BA.5.X)
BF.23,Omicron (BA.5.X)
BF.24,Omicron (BA.5.X)
BF.25,Omicron (BA.5.X)
BF.26,Omicron (BA.5.X)
BF.27,Omicron (BA.5.X)
BF.28,Omicron (BA.5.X)
BF.29,Omicron (BA.5.X)
BF.30,Omicron (BA.5.X)
BF.31,Omicron (BA.5.X)
BF.31.1,Omicron (BA.5.X)
BF.32,Omicron (BA.5.X)
BF.33,Omicron (BA.5.X)
BF.34,Omicron (BA.5.X)
BK.1,Omicron (BA.5.X)
BQ.1,Omicron (BA.5.X)
BQ.1.1,Omicron (BA.5.X)
BQ.1.1.1,Omicron (BA.5.X)
BQ.1.1.2,Omicron (BA.5.X)
BQ.1.1.3,Omicron (BA.5.X)
BQ.1.1.4,Omicron (BA.5.X)
BQ.1.1.5,Omicron (BA.5.X)
BQ.1.1.6,Omicron (BA.5.X)
BQ.1.1.7,Omicron (BA.5.X)
BQ.1.1.8,Omicron (BA.5.X)
BQ.1.1.9,Omicron (BA.5.X)
BQ.1.1.10,Omicron (BA.5.X)
BQ.1.1.11,Omicron (BA.5.X)
BQ.1.1.12,Omicron (BA.5.X)
BQ.1.1.13,Omicron (BA.5.X)
BQ.1.1.14,Omicron (BA.5.X)
BQ.1.1.15,Omicron (BA.5.X)
BQ.1.1.16,Omicron (BA.5.X)
BQ.1.1.17,Omicron (BA.5.X)
BQ.1.1.18,Omicron (BA.5.X)
BQ.1.1.19,Omicron (BA.5.X)
BQ.1.1.20,Omicron (BA.5.X)
BQ.1.1.21,Omicron (BA.5.X)
BQ.1.1.22,Omicron (BA.5.X)
BQ.1.1.23,Omicron (BA.5.X)
BQ.1.1.24,Omicron (BA.5.X)
BQ.1.1.25,Omicron (BA.5.X)
BQ.1.2,Omicron (BA.5.X)
BQ.1.3,Omicron (BA.5.X)
BQ.1.4,Omicron (BA.5.X)
BQ.1.5,Omicron (BA.5.X)
BQ.1.6,Omicron (BA.5.X)
BQ.1.7,Omicron (BA.5.X)
BQ.1.8,Omicron (BA.5.X)
BQ.1.8.1,Omicron (BA.5.X)
BQ.1.8.2,Omicron (BA.5.X)
BQ.1.9,Omicron (BA.5.X)
BQ.1.10,Omicron (BA.5.X)
BQ.1.10.1,Omicron (BA.5.X)
BQ.1.11,Omicron (BA.5.X)
BQ.1.12,Omicron (BA.5.X)
BQ.1.13,Omicron (BA.5.X)
BQ.1.14,Omicron (BA.5.X)
BQ.1.15,Omicron (BA.5.X)
BQ.1.16,Omicron (BA.5.X)
BQ.1.17,Omicron (BA.5.X)
BQ.1.18,Omicron (BA.5.X)
BQ.1.19,Omicron (BA.5.X)
BQ.1.20,Omicron (BA.5.X)
BQ.1.21,Omicron (BA.5.X)
BQ.1.22,Omicron (BA.5.X)
BQ.1.23,Omicron (BA.5.X)
BQ.1.24,Omicron (BA.5.X)
BQ.1.25,Omicron (BA.5.X)
BQ.1.26,Omicron (BA.5.X)
BQ.2,Omicron (BA.5.X)
BT.1,Omicron (BA.5.X)
BT.2,Omicron (BA.5.X)
BU.1,Omicron (BA.5.X)
BU.2,Omicron (BA.5.X)
BU.3,Omicron (BA.5.X)
BV.1,Omicron (BA.5.X)
BV.2,Omicron (BA.5.X)
BW.1,Omicron (BA.5.X)
BW.1.1,Omicron (BA.5.X)
BZ.1,Omicron (BA.5.X)
CC.1,Omicron (BA.5.X)
CD.1,Omicron (BA.5.X)
CD.2,Omicron (BA.5.X)
CE.1,Omicron (BA.5.X)
CF.1,Omicron (BA.5.X)
CG.1,Omicron (BA.5.X)
CK.1,Omicron (BA.5.X)
CK.2,Omicron (BA.5.X)
CK.2.1,Omicron (BA.5.X)
CK.2.1.1,Omicron (BA.5.X)
CK.3,Omicron (BA.5.X)
CL.1,Omicron (BA.5.X)
CN.1,Omicron (BA.5.X)
CP.1,Omicron (BA.5.X)
CP.1.1,Omicron (BA.5.X)
CP.1.2,Omicron (BA.5.X)
CP.1.3,Omicron (BA.5.X)
CP.2,Omicron (BA.5.X)
CP.3,Omicron (BA.5.X)
CP.4,Omicron (BA.5.X)
CP.5,Omicron (BA.5.X)
CP.6,Omicron (BA.5.X)
CQ.1,Omicron (BA.5.X)
CQ.1.1,Omicron (BA.5.X)
CQ.2,Omicron (BA.5.X)
CR.1,Omicron (BA.5.X)
CR.1.1,Omicron (BA.5.X)
CR.1.2,Omicron (BA.5.X)
CR.2,Omicron (BA.5.X)
CT.1,Omicron (BA.5.X)
CU.1,Omicron (BA.5.X)
CW.1,Omicron (BA.5.X)
CY.1,Omicron (BA.5.X)
CZ.1,Omicron (BA.5.X)
DA.1,Omicron (BA.5.X)
DB.1,Omicron (BA.5.X)
DB.2,Omicron (BA.5.X)
DE.1,Omicron (BA.5.X)
DE.2,Omicron (BA.5.X)
DF.1,Omicron (BA.5.X)
DG.1,Omicron (BA.5.X)
DH.1,Omicron (BA.5.X)
XBE,Omicron (BA.5.X)
B.1.1.7,Alpha
Q.1,Alpha
Q.2,Alpha
Q.3,Alpha
Q.4,Alpha
Q.5,Alpha
Q.6,Alpha
Q.7,Alpha
Q.8,Alpha
B.1.617.2,Delta
AY.1,Delta
AY.100,Delta
AY.102,Delta
AY.103,Delta
AY.105,Delta
AY.106,Delta
AY.107,Delta
AY.109,Delta
AY.110,Delta
AY.112,Delta
AY.112.2,Delta
AY.113,Delta
AY.114,Delta
AY.116.1,Delta
AY.117,Delta
AY.118,Delta
AY.119,Delta
AY.119.2,Delta
AY.120,Delta
AY.120.1,Delta
AY.120.2,Delta
AY.121,Delta
AY.122,Delta
AY.122.4,Delta
AY.124,Delta
AY.125,Delta
AY.126,Delta
AY.127,Delta
AY.129,Delta
AY.13,Delta
AY.14,Delta
AY.15,Delta
AY.16,Delta
AY.2,Delta
AY.20,Delta
AY.21,Delta
AY.24,Delta
AY.25,Delta
AY.25.1,Delta
AY.25.2,Delta
AY.25.3,Delta
AY.26,Delta
AY.27,Delta
AY.29,Delta
AY.3,Delta
AY.3.1,Delta
AY.33,Delta
AY.34,Delta
AY.34.1,Delta
AY.35,Delta
AY.36,Delta
AY.36.1,Delta
AY.37,Delta
AY.39,Delta
AY.39.1,Delta
AY.39.3,Delta
AY.4,Delta
AY.42,Delta
AY.43,Delta
AY.44,Delta
AY.45,Delta
AY.46,Delta
AY.46.1,Delta
AY.46.4,Delta
AY.46.6,Delta
AY.47,Delta
AY.48,Delta
AY.49,Delta
AY.5,Delta
AY.5.3,Delta
AY.51,Delta
AY.52,Delta
AY.54,Delta
AY.56,Delta
AY.61,Delta
AY.62,Delta
AY.64,Delta
AY.67,Delta
AY.71,Delta
AY.74,Delta
AY.75,Delta
AY.77,Delta
AY.86,Delta
AY.87,Delta
AY.88,Delta
AY.9.2,Delta
AY.93,Delta
AY.98,Delta
AY.98.1,Delta
AY.99.2,Delta